,Há»c váº¥n
0,"trung hoc co so chanh lo
TrÆ°á»ng trung há»c"
1,"KADUNA STATE UNIVERSITY STUDENTS
Cao Ä‘áº³ng/Äáº¡i há»c
Kaduna Capital School
TrÆ°á»ng trung há»c"
3,"ISU SECONDARY SCHOOL, ONICHA LGA EBONYI STATE
TrÆ°á»ng trung há»c"
4,"olumo high school
TrÆ°á»ng trung há»c
2010 - Hiá»‡n táº¡i
SSCE@OLUMO HIGH SCHOOL SABO ABK.SSCE in Arabic and Islamic studies@Subulu Salam Arabic&Islamic training Center,FIRST DEGREE HOLDER@faderal University of Benin COTONU,Dealing on Computer Repair&Service"
5,"Kotwa high school
TrÆ°á»ng trung há»c
2006 - Hiá»‡n táº¡i"
6,"Harvard-Westlake School
TrÆ°á»ng trung há»c
Tá»‘t nghiá»‡p nÄƒm 2015"
7,"TrÆ°á»ng CÄ Giao ThÃ´ng Váº­n Táº£i TP.HCM
Cao Ä‘áº³ng/Äáº¡i há»c
TrÆ°á»ng THPT sá»‘ 1 Äá»©c Phá»•
TrÆ°á»ng trung há»c
Tá»‘t nghiá»‡p nÄƒm 2014"
13,"Äáº¡i Há»c Chá»¯ To
Cao Ä‘áº³ng/Äáº¡i há»c"
15,"Trung Há»c Phá»• ThÃ´ng Lam Kinh
TrÆ°á»ng trung há»c"
16,"TrÆ°á»ng Äáº¡i Há»c BÃ¡ch Khoa-Äáº¡i Há»c ÄÃ  Náºµng
- NgÃ nh CÃ´ng Nghá»‡ Cháº¿ Táº¡o MÃ¡y"
17,"Hayole Educatiom Furra Model Acadamy
Cao há»c
Tá»‘t nghiá»‡p nÄƒm 2016
preparatory
Yirgalem Medical college
Cao Ä‘áº³ng/Äáº¡i há»c
24 thÃ¡ng 10, 2020 - Hiá»‡n táº¡i
MPH
tabor mekane eyesus
High-school
Tá»‘t nghiá»‡p nÄƒm 2014
HIGH SCHOOL
Hawassa Adventist
TrÆ°á»ng trung há»c
Tá»‘t nghiá»‡p nÄƒm 2017
south adventist academy
TrÆ°á»ng trung há»c
Tá»‘t nghiá»‡p nÄƒm 2013
elementery school"
19,"Ğ¢Ğ¾Ğ¼ÑĞºĞ¸Ğ¹ ĞŸĞ¾Ğ»Ğ¸Ñ‚ĞµÑ…Ğ½Ğ¸Ñ‡ĞµÑĞºĞ¸Ğ¹ Ğ£Ğ½Ğ¸Ğ²ĞµÑ€ÑĞ¸Ñ‚ĞµÑ‚
Cao Ä‘áº³ng/Äáº¡i há»c"
22,"SÃ i GÃ²n University
Cao Ä‘áº³ng/Äáº¡i há»c
HoÃ  Vang
TrÆ°á»ng trung há»c"
23,"Sinh viÃªn TrÆ°á»ng Äáº¡i há»c CÃ´ng ÄoÃ n
Cao Ä‘áº³ng/Äáº¡i há»c"
24,"HUTECH - Äáº¡i há»c CÃ´ng nghá»‡ Tp.HCM
Ká»¹ sÆ° nghÃ nh Ká»¹ thuáº­t Ä‘iá»‡n cÃ´ng nghiá»‡p
Tá»‘t nghiá»‡p nÄƒm 2014"
26,"DH GTVT CS2
Cao Ä‘áº³ng/Äáº¡i há»c
Tá»‘t nghiá»‡p nÄƒm 2009
TRÆ¯á»œNG Äáº I Há»ŒC GIAO THÃ”NG Váº¬N Táº¢I CÆ  Sá» 2
Cao Ä‘áº³ng/Äáº¡i há»c
ÄÆ°á»ng Ã” tÃ´ vÃ  SÃ¢n bay K45
Nguyá»…n Thá»‹ Minh Khai High School
TrÆ°á»ng trung há»c
Tá»‘t nghiá»‡p nÄƒm 2004"
27,"SITC
Cao Ä‘áº³ng/Äáº¡i há»c"
29,"ChuyÃªn Tráº§n PhÃº Háº£i PhÃ²ng
TrÆ°á»ng trung há»c"
31,"Truong THPT Dinh Quan
Cao Ä‘áº³ng/Äáº¡i há»c
Tá»‘t nghiá»‡p nÄƒm 2013
THPT Dinh Quan
TrÆ°á»ng trung há»c"
33,"TrÆ°á»ng Cao Ä‘áº³ng KiÃªn Giang
Cao Ä‘áº³ng/Äáº¡i há»c"
34,"HANREC
Cao Ä‘áº³ng/Äáº¡i há»c"
35,"THPT LÃª HoÃ n_Thá» XuÃ¢n_Thanh HÃ³a
Cao Ä‘áº³ng/Äáº¡i há»c
Cao Äáº³ng Giao ThÃ´ng Váº­n Táº£i Trung Æ¯Æ¡ng II
CÃ´ng nghá»‡ xÃ¢y dá»±ng dÃ¢n dá»¥ng vÃ  cÃ´ng nghiá»‡p"
37,"edith dalton james
Art, Craft & Design
Tá»‘t nghiá»‡p nÄƒm 1995
edith dalton james
TrÆ°á»ng trung há»c
Tá»‘t nghiá»‡p nÄƒm 1995"
38,"University of Liberia
Biology and Chemistry
Tá»‘t nghiá»‡p nÄƒm 2010
Elizabeth Crawford Memorial High School
TrÆ°á»ng trung há»c
Tá»‘t nghiá»‡p nÄƒm 2010"
39,"TrÆ°á»ng Äáº¡i há»c Phenikaa
Cao Ä‘áº³ng/Äáº¡i há»c
Tá»« 25 thÃ¡ng 2, 2022 Ä‘áº¿n nay
TrÆ°á»ng THPT Tháº¡ch Tháº¥t
TrÆ°á»ng trung há»c"
40,"Groupe Ivoire AcadÃ©mie
tÃ©lÃ©communication et rÃ©seau informatique
2015 - Hiá»‡n táº¡i
LYCEE MODERNE DE TREICHVILLE
Cao Ä‘áº³ng/Äáº¡i há»c
lycÃ©e moderne de trechville
TrÆ°á»ng trung há»c
Tá»‘t nghiá»‡p nÄƒm 2011"
41,"TrÆ°á»ng THPT VÃµ Minh Äá»©c - BÃ¬nh DÆ°Æ¡ng
TrÆ°á»ng trung há»c
Tá»‘t nghiá»‡p nÄƒm 2018"
43,"TrÆ°á»ng Äáº¡i há»c DÆ°á»£c HÃ  Ná»™i
Cao Ä‘áº³ng/Äáº¡i há»c
TrÆ°á»ng THCS LÃª ThÃ¡nh TÃ´ng
TrÆ°á»ng trung há»c"
44,"æ±æ–¹å›½éš›å­¦é™¢
æ—¥æœ¬èªå­¦
Tá»‘t nghiá»‡p nÄƒm 2017
Shumei University (ç§€æ˜å¤§å­¦)
Cao Ä‘áº³ng/Äáº¡i há»c
TrÆ°á»ng THPT Viá»‡t YÃªn sá»‘ 2 - Báº¯c Giang
TrÆ°á»ng trung há»c"
45,"TrÆ°á»ng THPT XuÃ¢n Giang
TrÆ°á»ng trung há»c"
46,"National University of Laos
Cao Ä‘áº³ng/Äáº¡i há»c
Waianae High School
TrÆ°á»ng trung há»c"
47,"Havard University
Cao Ä‘áº³ng/Äáº¡i há»c
Tá»‘t nghiá»‡p nÄƒm 2013
THPT ChÆ°Æ¡ng Má»¹ A
TrÆ°á»ng trung há»c
Tá»‘t nghiá»‡p nÄƒm 2010"
54,"Cao Äáº³ng XÃ¢y Dá»±ng Nam Äá»‹nh
Cao Ä‘áº³ng/Äáº¡i há»c
THPT ThÃ¡i Ninh
TrÆ°á»ng trung há»c"
56,"Äáº¡i Há»c Äáº¡i Nam
Quáº£n trá»‹ kinh doanh
TrÆ°á»ng THCS BÃ¬nh Ngá»c
TrÆ°á»ng trung há»c
THPT Tráº§n PhÃº - Quáº£ng Ninh
TrÆ°á»ng trung há»c"
57,"University of Economics and Business - VNU
Cao Ä‘áº³ng/Äáº¡i há»c
TrÆ°á»ng THPT ThÃ¡i HÃ²a - Thá»‹ XÃ£ ThÃ¡i HÃ²a - Tá»‰nh Nghá»‡ An
TrÆ°á»ng trung há»c"
60,"TrÆ°á»ng Äáº¡i Há»c Giao ThÃ´ng Váº­n Táº£i
Cao Ä‘áº³ng/Äáº¡i há»c
TrÆ°á»ng THPT Quá»‘c Oai
TrÆ°á»ng trung há»c"
62,"THPT Nguyá»…n Huá»‡ - Äáº¡i Tá»« - ThÃ¡i NguyÃªn
TrÆ°á»ng trung há»c"
66,"Há»c viá»‡n TÃ i ChÃ­nh (Academy Of Finance)
Cao Ä‘áº³ng/Äáº¡i há»c
Luong Van Tuy
TrÆ°á»ng trung há»c"
69,"TrÆ°á»ng THPT Chu VÄƒn An - ThÃ¡i BÃ¬nh
TrÆ°á»ng trung há»c"
71,"TÃ i ChÃ­nh NgÃ¢n HÃ ng táº¡i TrÆ°á»ng Äáº¡i há»c Kinh táº¿ - Ká»¹ thuáº­t CÃ´ng nghiá»‡p UNETI
Cao Ä‘áº³ng/Äáº¡i há»c
THPT Thiá»‡u HÃ³a
TrÆ°á»ng trung há»c"
72,"Äáº¡i Há»c LÃ´ng BÃ´ng
Cao Ä‘áº³ng/Äáº¡i há»c
TrÆ°á»ng THPT Tráº§n ÄÄƒng Ninh
TrÆ°á»ng trung há»c
2007 - 2011"
75,"TrÆ°á»ng THPT Tráº§n VÄƒn HoÃ i( BÃ¡n CÃ´ng Chá»£ Gáº¡o)
TrÆ°á»ng trung há»c
Tá»‘t nghiá»‡p nÄƒm 2004
TrÆ°á»ng THCS HÃ²a Äá»‹nh
TrÆ°á»ng trung há»c
Tá»‘t nghiá»‡p nÄƒm 1999"
76,"THPT Thá»§ ThiÃªm, Quáº­n 2, Tp.HCM
TrÆ°á»ng trung há»c"
78,"TrÆ°á»ng Äáº¡i Há»c BÃ¡ch Khoa-Äáº¡i Há»c ÄÃ  Náºµng
Cao Ä‘áº³ng/Äáº¡i há»c
Tá»« 26 thÃ¡ng 11, 2021 Ä‘áº¿n nay
THPT Thá»‹ XÃ£ Quáº£ng Trá»‹
TrÆ°á»ng trung há»c"
80,"THPT PhÃº XuyÃªn B
Cao Ä‘áº³ng/Äáº¡i há»c
Báº¯t Ä‘áº§u vÃ o 6 thÃ¡ng 2, 2025"
81,"Há»‡ thá»‘ng Trung tÃ¢m Anh ngá»¯ Quá»‘c táº¿ ILEAD AMA HUáº¾
TrÆ°á»ng trung há»c"
83,"TrÆ°á»ng Cao Ä‘áº³ng CÃ´ng nghá»‡ TP.HCM
Cao Ä‘áº³ng/Äáº¡i há»c"
85,"THPT PhÃºc Thá» Confession
Cao Ä‘áº³ng/Äáº¡i há»c
Tá»‘t nghiá»‡p nÄƒm 2021
TrÆ°á»ng Äáº¡i há»c Thá»ƒ dá»¥c thá»ƒ thao Báº¯c Ninh
Cao Ä‘áº³ng/Äáº¡i há»c
13 thÃ¡ng 9, 2021 - Hiá»‡n táº¡i"
86,"Äáº¡i há»c TÃ´n Äá»©c Tháº¯ng
Cao Ä‘áº³ng/Äáº¡i há»c
TrÆ°á»ng THPT chuyÃªn Thoáº¡i Ngá»c Háº§u
TrÆ°á»ng trung há»c
4 thÃ¡ng 8, 2013 - Hiá»‡n táº¡i"
88,"TrÆ°á»ng Trung há»c phá»• thÃ´ng chuyÃªn LÃª Há»“ng Phong, ThÃ nh phá»‘ Há»“ ChÃ­ Minh
TrÆ°á»ng trung há»c"
89,"UEF - Äáº¡i há»c Kinh táº¿ TÃ i chÃ­nh TP.HCM
Cao Ä‘áº³ng/Äáº¡i há»c
2019 - Hiá»‡n táº¡i"
90,"ÄH Kinh Doanh VÃ  CÃ´ng Nghá»‡ HÃ  Ná»™i
Cao Ä‘áº³ng/Äáº¡i há»c"
91,"duong doj
Cosmetic Tattooing
Tá»‘t nghiá»‡p nÄƒm 2014
táº¡o máº«u tÃ³c xÄƒm hÃ¬nh nghá»‡ thuáº­t
Sinh viÃªn Äáº¡i há»c Thá»§y Lá»£i
Cáº§u ÄÆ°á»ng
Tá»‘t nghiá»‡p nÄƒm 2013
duong doj
TrÆ°á»ng trung há»c
Tá»‘t nghiá»‡p nÄƒm 2000"
94,"Äáº¡i há»c Quáº£n lÃ½ vÃ  CÃ´ng nghá»‡ Háº£i PhÃ²ng
NgÃ´n ngá»¯ Anh"
100,"Hermann Gmeiner, Da Nang
TrÆ°á»ng trung há»c"
101,"TrÆ°á»ng Äáº¡i há»c Má» - Äá»‹a cháº¥t
Cao Ä‘áº³ng/Äáº¡i há»c
THPT Tam NÃ´ng
TrÆ°á»ng trung há»c"
102,"Äáº¡i Há»c Y HÃ  Ná»™i
BÃ¡c sÄ© Äa Khoa
ThÃ¡ng 8 nÄƒm 2011 - ThÃ¡ng 9 nÄƒm 2017
E
THPT Thuáº­n ThÃ nh 1
TrÆ°á»ng trung há»c
Tá»‘t nghiá»‡p nÄƒm 2008
A2"
103,"Äáº¡i há»c LÃ¢m Nghiá»‡p
Cao Ä‘áº³ng/Äáº¡i há»c
Äáº¡i há»c LÃ¢m Nghiá»‡p
Cao Ä‘áº³ng/Äáº¡i há»c
TrÆ°á»ng Trung Há»c CÆ¡ Sá»Ÿ LÆ°Æ¡ng Má»¹
TrÆ°á»ng trung há»c"
104,"TrÆ°á»ng Äáº¡i há»c Má» - Äá»‹a cháº¥t
Khoan laÌ€ thuÌ‰ng
2010 - 2016
THPT Há»“ng Äá»©c Ninh Giang Háº£i DÆ°Æ¡ng
TrÆ°á»ng trung há»c
2008 - 2010"
105,"Trung Hoc Pho Thong Thi Xa Phuoc Long
TrÆ°á»ng trung há»c
12A10
lop pro"
106,"TrÆ°á»ng Äáº¡i há»c Y khoa Vinh - Vinh Medical University
Y Khoa (BÃ¡c SÄ© Y Khoa) ğŸ‘¨â€âš•ï¸ğŸ©º - General Doctor
24 thÃ¡ng 8, 2023 - Hiá»‡n táº¡i
THPT ÄÃ´ng SÆ¡n 1
Cao Ä‘áº³ng/Äáº¡i há»c
2020 - Hiá»‡n táº¡i"
114,"IUH - TrÆ°á»ng Äáº¡i há»c CÃ´ng nghiá»‡p TP.HCM
Management of Information Systems"
115,"Dai hoc su pham ky thuat vinh
Ä‘iá»‡n cÃ´ng nghiÃªp
Tá»‘t nghiá»‡p nÄƒm 2013
TÄH
ae má»™t nhÃ  má»›i
Dien B
truong trung hoc pho thong duc tho
TrÆ°á»ng trung há»c
Tá»‘t nghiá»‡p nÄƒm 2010
10-11-12a4"
116,"Äáº¡i há»c KT tp HCM
Cao Ä‘áº³ng/Äáº¡i há»c
THPT Äakmil
TrÆ°á»ng trung há»c"
118,"DH Bach Khoa HN
Cao Ä‘áº³ng/Äáº¡i há»c
2004 - 2007
TrÆ°á»ng PTTH Nguyá»…n Huá»‡ - YÃªn BÃ¡i
TrÆ°á»ng trung há»c
2 thÃ¡ng 9, 2001 - 11 thÃ¡ng 2, 2004"
119,"Há»c Viá»‡n Ã‚m Nháº¡c Quá»‘c Gia Viá»‡t Nam - Vietnam National Academy Of Music
Cao Ä‘áº³ng/Äáº¡i há»c
Tá»‘t nghiá»‡p nÄƒm 2019"
121,"TrÆ°á»ng Trung Cáº¥p Viá»‡t Giao
Khoa Du Lá»‹ch-ChuyÃªn NghÃ nh Quáº£n Trá»‹ KhÃ¡ch Sáº¡n
Tá»‘t nghiá»‡p nÄƒm 2021
Seoul National University
Cao Ä‘áº³ng/Äáº¡i há»c"
122,"Äáº¡i Há»c Y HÃ  Ná»™i
BÃ¡c sÄ© Äa Khoa
ThÃ¡ng 8 nÄƒm 2011 - ThÃ¡ng 9 nÄƒm 2017
E
THPT Thuáº­n ThÃ nh 1
TrÆ°á»ng trung há»c
Tá»‘t nghiá»‡p nÄƒm 2008
A2"
123,"Há»c viá»‡n BÃ¡o chÃ­ vÃ  TuyÃªn truyá»n
Cao Ä‘áº³ng/Äáº¡i há»c
Há»c viá»‡n BÃ¡o chÃ­ vÃ  TuyÃªn truyá»n
Cao Ä‘áº³ng/Äáº¡i há»c
Há»c viá»‡n BÃ¡o chÃ­ vÃ  TuyÃªn truyá»n
Khoa PhÃ¡t thanh - Truyá»n hÃ¬nh Â· K36
THPT Äá»©c Há»£p Confessions
TrÆ°á»ng trung há»c"
127,"Arena Multimedia
Cao Ä‘áº³ng/Äáº¡i há»c
2022 - Hiá»‡n táº¡i"
130,"Äáº¡i há»c ÄÃ  Láº¡t
Cao Ä‘áº³ng/Äáº¡i há»c"
132,"HUTECH - Äáº¡i há»c CÃ´ng nghá»‡ Tp.HCM
Cao Ä‘áº³ng/Äáº¡i há»c
27 thÃ¡ng 8, 2023 - Hiá»‡n táº¡i"
133,"Tuá»•i tráº» TrÆ°á»ng Äáº¡i há»c Ká»¹ thuáº­t Y - DÆ°á»£c ÄÃ  Náºµng - DUMTP
Cao Ä‘áº³ng/Äáº¡i há»c
THPT Chu Van An-Quang Tri
TrÆ°á»ng trung há»c"
135,"THPT BÃ¬nh Minh
TrÆ°á»ng trung há»c"
137,"Thang Long University
Nursing practice
2020 - Hiá»‡n táº¡i
Shanghai International Studies University
Clinical medicine
Tá»‘t nghiá»‡p nÄƒm 2020
Há»‡ thá»‘ng GiÃ¡o Dá»¥c Nguyá»…n Bá»‰nh KhiÃªm - Cáº§u Giáº¥y
TrÆ°á»ng trung há»c
Vinschool
TrÆ°á»ng trung há»c"
139,"Äáº¡i há»c CÃ´ng nghá»‡ Giao thÃ´ng váº­n táº£i
Cao Ä‘áº³ng/Äáº¡i há»c"
140,"TrÆ°á»ng Äáº¡i há»c HÃ ng háº£i Viá»‡t Nam
cÃ´ng nghá»‡ thÃ´ng tin(IT)
TrÆ°á»ng THPT ThÄƒng Long - Háº£i PhÃ²ng
TrÆ°á»ng trung há»c
TrÆ°á»ng THCS Há»“ng BÃ ng Háº£i PhÃ²ng
TrÆ°á»ng trung há»c"
142,"Van Lang University
Marketing
2022 - Hiá»‡n táº¡i"
145,"TrÆ°á»ng THCS Tráº§n PhÃº TP. Phan Thiáº¿t - BÃ¬nh Thuáº­n
TrÆ°á»ng trung há»c"
146,"TrÆ°á»ng Äáº¡i há»c Kinh táº¿ - Ká»¹ thuáº­t CÃ´ng nghiá»‡p UNETI
Cao Ä‘áº³ng/Äáº¡i há»c
2020 - Hiá»‡n táº¡i"
147,"TrÆ°á»ng Äáº¡i Há»c CÃ´ng nghiá»‡p HÃ  Ná»™i
Cao Ä‘áº³ng/Äáº¡i há»c
THPT Tam Dao 2
TrÆ°á»ng trung há»c"
148,"Äáº¡i há»c LÃ¢m Nghiá»‡p
Cao Ä‘áº³ng/Äáº¡i há»c
Äáº¡i há»c LÃ¢m Nghiá»‡p
Cao Ä‘áº³ng/Äáº¡i há»c
TrÆ°á»ng Trung Há»c CÆ¡ Sá»Ÿ LÆ°Æ¡ng Má»¹
TrÆ°á»ng trung há»c"
150,"Ptit
Cao Ä‘áº³ng/Äáº¡i há»c
PTTH LÃª QuÃ­ ÄÃ´n
TrÆ°á»ng trung há»c"
154,"Ptit
Cao Ä‘áº³ng/Äáº¡i há»c
PTTH LÃª QuÃ­ ÄÃ´n
TrÆ°á»ng trung há»c"
156,"TrÆ°á»ng Äáº¡i Há»c Äiá»‡n Lá»±c - EPU
Cao Ä‘áº³ng/Äáº¡i há»c"
158,"Äáº¡i há»c Cáº§n ThÆ¡
CÃ´ng Nghá»‡ Thá»±c Pháº©m
Cá»±u há»c sinh TrÆ°á»ng THPT Láº¥p VÃ² 2
TrÆ°á»ng trung há»c"
159,"NEU - Äáº¡i há»c Kinh táº¿ Quá»‘c dÃ¢n
Cao Ä‘áº³ng/Äáº¡i há»c
15 thÃ¡ng 10, 2022 - Hiá»‡n táº¡i
TrÆ°á»ng THPT ChuyÃªn HÆ°ng YÃªn
TrÆ°á»ng trung há»c"
164,"THPT HoÃ ng VÄƒn ThÃ¡i - Tiá»n Háº£i - ThÃ¡i BÃ¬nh
TrÆ°á»ng trung há»c"
167,"THPT Yen Lac_ Vinh Phuc
TrÆ°á»ng trung há»c
Tá»‘t nghiá»‡p nÄƒm 2015"
168,"Ptit
Cao Ä‘áº³ng/Äáº¡i há»c
PTTH LÃª QuÃ­ ÄÃ´n
TrÆ°á»ng trung há»c"
174,"Hanoi University of Science and Technology
XÄƒng dáº§u
PTDL ÄÃ´ng ÄÃ´
TrÆ°á»ng trung há»c"
175,"Cao Äáº³ng Ká»¹ thuáº­t CÃ´ng nghá»‡ Ladec
Cao Ä‘áº³ng/Äáº¡i há»c
Tá»‘t nghiá»‡p nÄƒm 2014"
178,"TrÆ°á»ng Trung Cáº¥p Kinh Táº¿ - KÄ© Thuáº­t Phan Chu Trinh
TrÆ°á»ng trung há»c"
179,"TrÆ°á»ng ÄaÌ£i hoÌ£c SÆ° phaÌ£m - Äáº¡i há»c ÄaÌ€ NÄƒÌƒng
Cao Ä‘áº³ng/Äáº¡i há»c"
180,"TrÆ°á»ng Äáº¡i há»c Khoa há»c XÃ£ há»™i vÃ  NhÃ¢n vÄƒn - Äáº¡i há»c Quá»‘c gia HÃ  Ná»™i
Cao Ä‘áº³ng/Äáº¡i há»c
Tá»« 30 thÃ¡ng 8, 2020 Ä‘áº¿n nay"
182,"TrÆ°á»ng THCS Tráº§n ÄÄƒng Ninh - Nam Äá»‹nh (2003 - 2007)
TrÆ°á»ng trung há»c
10 thÃ¡ng 2, 2015 - ThÃ¡ng 5 nÄƒm 2019"
184,"Trung Hoc Pho Thong Thi Xa Phuoc Long
TrÆ°á»ng trung há»c
12A10
lop pro"
185,"THPT Máº¡c ÄÄ©nh Chi Háº£i PhÃ²ng
Cao Ä‘áº³ng/Äáº¡i há»c
Tá»‘t nghiá»‡p nÄƒm 2014
TrÆ°á»ng Äáº¡i há»c HÃ ng Háº£i Viá»‡t Nam
Äiá»u khiá»ƒn tÃ u biá»ƒn
TrÆ°á»ng THCS LÃª Lá»£i
TrÆ°á»ng trung há»c
Tá»‘t nghiá»‡p nÄƒm 2009"
187,"TrÆ°á»ng THPT Thá»‘ng Nháº¥t A, Tráº£ng Bom, Äá»“ng Nai.
TrÆ°á»ng trung há»c
2015 - 2018"
190,"FPT University
Cao Ä‘áº³ng/Äáº¡i há»c"
193,"THPT Dong Da
TrÆ°á»ng trung há»c"
194,"Hoa Sen College
Cao Ä‘áº³ng/Äáº¡i há»c
Tá»« 30 thÃ¡ng 12, 2022 Ä‘áº¿n nay"
199,"THPT Nguyá»…n Trung ThiÃªn
TrÆ°á»ng trung há»c"
200,"Äáº¡i Há»c BÃ´n Ba
Lang thang chÃ©m giÃ³
5 thÃ¡ng 5, 2014 - 5 thÃ¡ng 5, 2015
TrÆ°Æ¡Ì€ng Trung HoÌ£c CÆ¡ SÆ¡Ì‰ LiÃªn LyÌ-NghÃªÌ£ An
TrÆ°á»ng trung há»c
Tá»‘t nghiá»‡p nÄƒm 2013"
201,"TrÆ°á»ng Äá»œI
TrÆ°á»ng trung há»c
Tá»‘t nghiá»‡p nÄƒm 2011"
202,"cao dang du lich ha noi
Cao Ä‘áº³ng/Äáº¡i há»c
TrÆ°á»ng THPT VÅ© Duy Thanh
TrÆ°á»ng trung há»c"
203,"Há»c viá»‡n TÃ i ChÃ­nh (Academy Of Finance)
Cao Ä‘áº³ng/Äáº¡i há»c
THPT Tráº§n NhÃ¢n TÃ´ng - HÃ  Ná»™i
TrÆ°á»ng trung há»c
10A12"
204,"ÄH BÃ¡ch khoa TPHCM
Cao Ä‘áº³ng/Äáº¡i há»c"
207,"Há»c viá»‡n Ká»¹ thuáº­t quÃ¢n sá»± (MTA)
Cao Ä‘áº³ng/Äáº¡i há»c
Tá»‘t nghiá»‡p nÄƒm 2020"
209,"THPT Cáº§u Giáº¥y - HÃ  Ná»™i
TrÆ°á»ng trung há»c"
210,"THPT YÃªn DÅ©ng sá»‘ 2
TrÆ°á»ng trung há»c"
214,"diá»…n chau 2
TrÆ°á»ng trung há»c
Tá»‘t nghiá»‡p nÄƒm 2006"
215,"TrÆ°á»ng Trung Há»c Phá»• ThÃ´ng HÃ m Rá»“ng
TrÆ°á»ng trung há»c"
216,"Ptit
Cao Ä‘áº³ng/Äáº¡i há»c
PTTH LÃª QuÃ­ ÄÃ´n
TrÆ°á»ng trung há»c"
219,"ĞŸÑ€ĞµĞ·Ğ¸Ğ´ĞµĞ½Ñ‚ÑĞºĞ°Ñ Ğ°ĞºĞ°Ğ´ĞµĞ¼Ğ¸Ñ - Ğ ĞĞĞ¥Ğ¸Ğ“Ğ¡
NgÃ nh quáº£n trá»‹ tÃ i chÃ­nh
Tá»‘t nghiá»‡p nÄƒm 2020
TrÆ°á»ng THPT LÃª Há»“ng Phong - Háº£i PhÃ²ng
TrÆ°á»ng trung há»c
Tá»‘t nghiá»‡p nÄƒm 2010
LÃª Há»“ng Phong High School
TrÆ°á»ng trung há»c"
221,"HUMG
Cao Ä‘áº³ng/Äáº¡i há»c
THPT Quá»³nh CÃ´i, Quá»³nh Phá»¥, ThÃ¡i BÃ¬nh
TrÆ°á»ng trung há»c"
223,"Äáº¡i há»c LÃ¢m Nghiá»‡p
Cao Ä‘áº³ng/Äáº¡i há»c
Äáº¡i há»c LÃ¢m Nghiá»‡p
Cao Ä‘áº³ng/Äáº¡i há»c
TrÆ°á»ng Trung Há»c CÆ¡ Sá»Ÿ LÆ°Æ¡ng Má»¹
TrÆ°á»ng trung há»c"
231,"Há»c viá»‡n CÃ´ng nghá»‡ BÆ°u chÃ­nh Viá»…n thÃ´ng - PTIT
Cao Ä‘áº³ng/Äáº¡i há»c
2022 - Hiá»‡n táº¡i
TrÆ°á»ng THCS YÃªn Lá»™c
TrÆ°á»ng trung há»c"
233,"TrÆ°á»ng Äáº¡i há»c Cáº§n ThÆ¡
Cao Ä‘áº³ng/Äáº¡i há»c
THPT Thá»‘t Ná»‘t
TrÆ°á»ng trung há»c"
237,"NEU - Äáº¡i há»c Kinh táº¿ Quá»‘c dÃ¢n
Cao Ä‘áº³ng/Äáº¡i há»c"
238,"THPT CÃ´ng nghiá»‡p Viá»‡t TrÃ¬
TrÆ°á»ng trung há»c
Tá»‘t nghiá»‡p nÄƒm 2017"
239,"HUS High School for Gifted Students - Vietnam National University
TrÆ°á»ng trung há»c
6 thÃ¡ng 8, 2012 - ThÃ¡ng 6 nÄƒm 2015"
240,"Äáº¡i Há»c Kinh Doanh vÃ  CÃ´ng Nghá»‡ HÃ  Ná»™i
CÃ´ng Nghá»‡ ThÃ´ng Tin
Tá»‘t nghiá»‡p nÄƒm 2009
Kinh Doanh vÃ  CÃ´ng Nghá»‡ HÃ  Ná»™i
CÃ´ng Nghá»‡ ThÃ´ng Tin
TH14-04
THPT YÃªn ViÃªn
TrÆ°á»ng trung há»c
Tá»‘t nghiá»‡p nÄƒm 2006
12a9"
241,"THPT Tráº§n HÆ°ng Äáº¡o - GÃ² Váº¥p
TrÆ°á»ng trung há»c"
242,"TrÆ°á»ng Äáº¡i há»c SÆ° pháº¡m Ká»¹ thuáº­t TP.HCM
Cao há»c
TrÆ°á»ng THCS Tráº§n BÃ¬nh Trá»ng-TP.Thá»§ Äáº§u Má»™t
TrÆ°á»ng trung há»c
TrÆ°á»ng THPT ThÃ nh NhÃ¢n - Tp.Há»“ ChÃ­ Minh
TrÆ°á»ng trung há»c
TrÆ°á»ng Tiá»ƒu Há»c LÃª Thá»‹ Há»“ng Gáº¥m
TrÆ°á»ng trung há»c"
244,"Äáº¡i há»c BÃ¡ch khoa HÃ  Ná»™i - Hanoi University of Science and Technology
Cao Ä‘áº³ng/Äáº¡i há»c
THPT Báº¯c DuyÃªn HÃ 
TrÆ°á»ng trung há»c
31 thÃ¡ng 7, 2017 Ä‘áº¿n 30 thÃ¡ng 12, 2020"
245,"Há»c viá»‡n CÃ´ng nghá»‡ BÆ°u chÃ­nh Viá»…n thÃ´ng - PTIT
Cao Ä‘áº³ng/Äáº¡i há»c
2022 - Hiá»‡n táº¡i"
246,"THPT Nguyá»…n VÄƒn Trá»—i HÃ  TÄ©nh
Cao Ä‘áº³ng/Äáº¡i há»c"
248,"LÃª Há»“ng Phong
TrÆ°á»ng trung há»c
Tá»‘t nghiá»‡p nÄƒm 2005"
250,"THPT ChuyÃªn HÃ¹ng VÆ°Æ¡ng - Viá»‡t TrÃ¬ - PhÃº Thá»
TrÆ°á»ng trung há»c
TrÆ°á»ng THCS NÃ´ng Trang
TrÆ°á»ng trung há»c"
252,"dai hoc y duoc hue
Y Ä‘a khoa
7 thÃ¡ng 8, 2017 - Hiá»‡n táº¡i
THPT ChuyÃªn Quá»‘c Há»c Huáº¿
Cao Ä‘áº³ng/Äáº¡i há»c
THCS Nguyá»…n Tri PhÆ°Æ¡ng - Huáº¿
TrÆ°á»ng trung há»c
Nguyen Tri Phuong - Hue
TrÆ°á»ng trung há»c
9/3"
254,"Ptit
Cao Ä‘áº³ng/Äáº¡i há»c
PTTH LÃª QuÃ­ ÄÃ´n
TrÆ°á»ng trung há»c"
256,"TrÆ°á»ng Äáº¡i há»c TÃ i chÃ­nh - Marketing
Cao Ä‘áº³ng/Äáº¡i há»c"
257,"Duy Tan University
Cao Ä‘áº³ng/Äáº¡i há»c"
259,"Äáº¡i há»c tÃ i chÃ­nh quáº£n trá»‹ kinh doanh
Cao há»c
TC 44 C
PTDL ÄÃ´ng ÄÃ´
TrÆ°á»ng trung há»c
12A1"
260,"Da Nang Architecture University
Kiáº¿n TrÃºc SÆ°
THPT Nam Dan 1
TrÆ°á»ng trung há»c
12A2"
263,"Cao Äáº³ng FPT Polytechnic TP Há»“ ChÃ­ Minh
Cao Ä‘áº³ng/Äáº¡i há»c"
265,"TrÆ°á»ng Äáº¡i há»c Ká»¹ thuáº­t - Háº­u cáº§n CÃ´ng An NhÃ¢n DÃ¢n
Cao Ä‘áº³ng/Äáº¡i há»c
Äáº¡i Há»c BÃ´n Ba
Cao Ä‘áº³ng/Äáº¡i há»c
19 thÃ¡ng 7, 2018 - Hiá»‡n táº¡i
THCS Thá»‹ Tráº¥n VÅ© ThÆ° ThÃ¡i BÃ¬nh
TrÆ°á»ng trung há»c
24 thÃ¡ng 5, 2018 - Hiá»‡n táº¡i
THPT Nguyá»…n TrÃ£i - ThÃ¡i BÃ¬nh
TrÆ°á»ng trung há»c
Tá»‘t nghiá»‡p nÄƒm 2016"
267,"TrÆ°á»ng Cao Ä‘áº³ng Äiá»‡n lá»±c miá»n Báº¯c - NEPC
Cao Ä‘áº³ng/Äáº¡i há»c
Tá»‘t nghiá»‡p nÄƒm 2002
THPT BÃ£i ChÃ¡y
Trung Há»c Phá»• ThÃ´ng
Tá»‘t nghiá»‡p nÄƒm 1999
THPT BÃ£i ChÃ¡y
TrÆ°á»ng trung há»c
Tá»‘t nghiá»‡p nÄƒm 1999"
269,"ÄH BÃ¡ch khoa TPHCM
Cao Ä‘áº³ng/Äáº¡i há»c"
271,"TrÆ°á»ng THPT Triá»‡u Quang Phá»¥c
TrÆ°á»ng trung há»c"
272,"Há»c viá»‡n Ká»¹ thuáº­t quÃ¢n sá»± (MTA)
Cao Ä‘áº³ng/Äáº¡i há»c
Tá»‘t nghiá»‡p nÄƒm 2015
THPT YÃªn HoÃ 
TrÆ°á»ng trung há»c
12A5
THPT YÃªn HoÃ 
TrÆ°á»ng trung há»c"
273,"TrÆ°á»ng Äáº¡i há»c Kiáº¿n trÃºc ÄÃ  Náºµng
Kiáº¿n trÃºc
19 thÃ¡ng 9, 2012 - Hiá»‡n táº¡i
THPT LÃª Lá»£i
TrÆ°á»ng trung há»c
Tá»‘t nghiá»‡p nÄƒm 2012"
275,"Ptit
Cao Ä‘áº³ng/Äáº¡i há»c
PTTH LÃª QuÃ­ ÄÃ´n
TrÆ°á»ng trung há»c"
277,"TrÆ°á»ng Äáº¡i há»c Duy TÃ¢n
Cao Ä‘áº³ng/Äáº¡i há»c"
278,"Chelsea Football Club
Cao Ä‘áº³ng/Äáº¡i há»c"
279,"TrÆ°á»ng Äáº¡i há»c TÃ i chÃ­nh - Marketing
Cao Ä‘áº³ng/Äáº¡i há»c"
281,"THPT BÃ¬nh Minh
TrÆ°á»ng trung há»c"
282,"Äáº¡i há»c CÃ´ng nghá»‡ Giao thÃ´ng váº­n táº£i
Cao Ä‘áº³ng/Äáº¡i há»c
16 thÃ¡ng 9, 2021 - Hiá»‡n táº¡i
THPT TÃ¢y Tiá»n Háº£i
TrÆ°á»ng trung há»c"
283,"Äáº¡i há»c FPT HÃ  Ná»™i
Cao Ä‘áº³ng/Äáº¡i há»c
2022 - Hiá»‡n táº¡i
ĞœÑ†Ğ¿Ğº-ĞŸÑ€Ğº Ğ“ĞĞŸĞĞ£ ĞœĞ Â«ĞŸĞšÂ«Ğ­Ğ½ĞµÑ€Ğ³Ğ¸ÑÂ»
Cao Ä‘áº³ng/Äáº¡i há»c"
284,"TrÆ°á»ng Äáº¡i Há»c Má»Ÿ HÃ  Ná»™i - Tuyá»ƒn sinh Äáº¡i há»c Trá»±c tuyáº¿n
Cao Ä‘áº³ng/Äáº¡i há»c
Tá»« 30 thÃ¡ng 12, 2020 Ä‘áº¿n nay
THPT Hiá»‡p HÃ²a sá»‘ 3
Cao Ä‘áº³ng/Äáº¡i há»c
Tá»‘t nghiá»‡p nÄƒm 2020
TrÆ°á»ng THCS ThÃ¡i SÆ¡n- Hiá»‡p HoÃ 
Cao Ä‘áº³ng/Äáº¡i há»c
Tá»‘t nghiá»‡p nÄƒm 2017"
285,"trung cap y te nam dinh
Äiá»u dÆ°á»¡ng
DD K11C
THPT C Kim Bang
TrÆ°á»ng trung há»c"
286,"Benh Vien Bach Mai
X_Quang
Tá»‘t nghiá»‡p nÄƒm 2012
Bá»‡nh viá»‡n Báº¡ch Mai
Cao Ä‘áº³ng/Äáº¡i há»c
2010 - Hiá»‡n táº¡i
THPT Dong Da
TrÆ°á»ng trung há»c
Tá»‘t nghiá»‡p nÄƒm 2010"
287,"Cao Dang Can Tho
Cao Ä‘áº³ng/Äáº¡i há»c
THPT Thá»‘t Ná»‘t
TrÆ°á»ng trung há»c"
289,"Äáº¡i há»c tÃ i chÃ­nh quáº£n trá»‹ kinh doanh
Cao há»c
TC 44 C
PTDL ÄÃ´ng ÄÃ´
TrÆ°á»ng trung há»c
12A1"
292,"ÄH DÃ¢n láº­p ÄÃ´ng ÄÃ´
Cao Ä‘áº³ng/Äáº¡i há»c"
293,"Thptbaria
TrÆ°á»ng trung há»c
11B1
12A2"
294,"TrÆ°á»ng Äáº¡i Há»c HÃ¹ng VÆ°Æ¡ng
Cao Ä‘áº³ng/Äáº¡i há»c
Thpt NgÃ´ Quyá»n Ba VÃ¬
Cao Ä‘áº³ng/Äáº¡i há»c"
295,"TrÆ°á»ng Äáº¡i há»c TÃ i chÃ­nh - Marketing
Cao Ä‘áº³ng/Äáº¡i há»c"
297,"TrÆ°á»ng THPT BÃ¹ ÄÄƒng - BÃ¬nh PhÆ°á»›c
TrÆ°á»ng trung há»c"
300,"Hue University of Medicine and Pharmacy
RÄƒng-HÃ m-Máº·t (RHM)"
301,"TrÆ°á»ng Äáº¡i há»c Y khoa Vinh - Vinh Medical University
Y Khoa (BÃ¡c SÄ© Y Khoa) ğŸ‘¨â€âš•ï¸ğŸ©º - General Doctor
24 thÃ¡ng 8, 2023 - Hiá»‡n táº¡i
THPT ÄÃ´ng SÆ¡n 1
Cao Ä‘áº³ng/Äáº¡i há»c
2020 - Hiá»‡n táº¡i"
302,"ÄaÌ£i hoÌ£c KiÃªÌ‰m SaÌt HaÌ€ NÃ´Ì£i
Cao Ä‘áº³ng/Äáº¡i há»c"
305,"TrÆ°á»ng Äáº¡i Há»c Giao ThÃ´ng Váº­n Táº£i
kinh táº¿ xÃ¢y dá»±ng chuyÃªn ngÃ nh"
306,"THPT HÃ  Huy Táº­p
TrÆ°á»ng trung há»c
..."
309,"Äáº¡i há»c Giao thÃ´ng Váº­n Táº£i - University of Transport and Communications
Cao Ä‘áº³ng/Äáº¡i há»c
THPT XuÃ¢n TrÆ°á»ng A
TrÆ°á»ng trung há»c"
310,"Ho Chi Minh City Conservatory of Music
Cao Ä‘áº³ng/Äáº¡i há»c"
311,"Ptit
Cao Ä‘áº³ng/Äáº¡i há»c
PTTH LÃª QuÃ­ ÄÃ´n
TrÆ°á»ng trung há»c"
312,"TrÆ°á»ng Äáº¡i há»c Kinh táº¿ - Luáº­t
Quáº£n trá»‹ kinh doanh
THPT ChuyÃªn Nguyá»…n Du
TrÆ°á»ng trung há»c"
314,"ÄH Kinh táº¿ ká»¹ thuáº­t cÃ´ng nghiá»‡p
Cao Ä‘áº³ng/Äáº¡i há»c
Tá»‘t nghiá»‡p nÄƒm 2013"
317,"Äáº¡i há»c PhÆ°Æ¡ng ÄÃ´ng - Phuong Dong University
Cao Ä‘áº³ng/Äáº¡i há»c
TrÆ°á»ng THPT Quáº¿ VÃµ 1
TrÆ°á»ng trung há»c
2014 - 2017"
318,"TrÆ°á»ng Äáº¡i há»c Giao thÃ´ng Váº­n táº£i - PhÃ¢n hiá»‡u táº¡i TP.HCM - UTC2
Cao Ä‘áº³ng/Äáº¡i há»c
2021 - Hiá»‡n táº¡i
ÄoÃ n trÆ°á»ng THPT BÃ¬nh ÄÃ´ng - TX GÃ² CÃ´ng
TrÆ°á»ng trung há»c"
319,"TrÆ°á»ng THPT LÃª Xoay
Ä‚n vaÌ€ ChÆ¡i
Tá»‘t nghiá»‡p nÄƒm 2017
TrÆ°á»ng THPT LÃª Xoay
TrÆ°á»ng trung há»c
Tá»‘t nghiá»‡p nÄƒm 2014
trung há»c phá»• thÃ´ng lÃª xoay
TrÆ°á»ng trung há»c
Tá»‘t nghiá»‡p nÄƒm 2014
THPT Le Xoay
TrÆ°á»ng trung há»c"
321,"THPT Gia Viá»…n B
TrÆ°á»ng trung há»c"
323,"HÃ  Giang Travel Agency
TrÆ°á»ng trung há»c"
324,"Cao Äáº³ng XÃ¢y dá»±ng Sá»‘ 2
Cao Ä‘áº³ng/Äáº¡i há»c
Tá»‘t nghiá»‡p nÄƒm 2018"
326,"Ä‚n ChÆ¡i . PhÃ¡ hoáº¡i
Cao Ä‘áº³ng/Äáº¡i há»c
Tá»‘t nghiá»‡p nÄƒm 2022
Äáº¡i há»c BÃ´n Ba
Cao Ä‘áº³ng/Äáº¡i há»c
Tá»‘t nghiá»‡p nÄƒm 2022
TrÆ°á»ng Ä‘áº¡i há»c tá»¥ táº­p phÃ¡ sáº£n
Cao Ä‘áº³ng/Äáº¡i há»c
THPT TÄ©nh Gia 5
TrÆ°á»ng trung há»c"
328,"THPT Phu Quoc
TrÆ°á»ng trung há»c
Tá»‘t nghiá»‡p nÄƒm 2011"
329,"National Economics University, NEU
Cao Ä‘áº³ng/Äáº¡i há»c"
330,"Trung Hoc Pho Thong Truong Chinh
TrÆ°á»ng trung há»c
TrÆ°á»ng THPT TrÆ°á»ng Chinh
TrÆ°á»ng trung há»c
C12"
336,"Äáº¡i há»c FPT HÃ  Ná»™i
Cao Ä‘áº³ng/Äáº¡i há»c
Tá»‘t nghiá»‡p nÄƒm 2015"
337,"Há»™i Há»c Sinh TrÆ°á»ng THPT Tráº§n Cao VÃ¢n - Tam Ká»³ - Quáº£ng Nam
Cao Ä‘áº³ng/Äáº¡i há»c
Tá»‘t nghiá»‡p nÄƒm 2013
10A7-11A7-12A7
Tráº§n Cao VÃ¢n
TrÆ°á»ng trung há»c
Tá»‘t nghiá»‡p nÄƒm 2010
11.7 & 12.7"
340,"Há»c viá»‡n Ngoáº¡i giao Viá»‡t Nam
Cao Ä‘áº³ng/Äáº¡i há»c
22 thÃ¡ng 8, 2023 - Hiá»‡n táº¡i
TrÆ°á»ng THCS Cáº§u Giáº¥y - Cau Giay Junior High School
TrÆ°á»ng trung há»c"
341,"TrÆ°á»ng Äáº¡i há»c ThÆ°Æ¡ng máº¡i
Economic law
THPT chuyÃªn LÃª QuÃ½ ÄÃ´n Quáº£ng Trá»‹
TrÆ°á»ng trung há»c"
342,"TrÆ°á»ng Äáº¡i há»c Äá»“ng ThÃ¡p
Há»c ChuyÃªn NgÃ nh SÆ° pháº¡m Tiáº¿ng Anh-(English Language Teacher)
TrÆ°á»ng Ptdtnt THCS VÃ  THPT TC
TrÆ°á»ng trung há»c"
344,"TrÆ°á»ng THPT LÃ½ Tá»± Trá»ng, Nha Trang
TrÆ°á»ng trung há»c"
345,"Trung cáº¥p giao thÃ´ng váº­n táº£i Ä‘á»“ng thÃ¡p
LÃ¡i Xe Táº£i
7 thÃ¡ng 12, 2015 - 21 thÃ¡ng 5, 2016"
349,"TrÆ°á»ng Thpt Anh SÆ¡n 1
TrÆ°á»ng trung há»c"
350,"DHNN-DHQGHN
Cao Ä‘áº³ng/Äáº¡i há»c
University of Languages and International Studies
Cao Ä‘áº³ng/Äáº¡i há»c"
352,"BÆ¯U ÄIá»†N CON CUÃ”NG
TrÆ°á»ng trung há»c"
354,"TrÆ°á»ng Cao Ä‘áº³ng Du lá»‹ch HÃ  Ná»™i
Cao Ä‘áº³ng/Äáº¡i há»c"
358,"Khoa Marketing - ÄH KTQD
Cao Ä‘áº³ng/Äáº¡i há»c
ThÃ¡ng 8 nÄƒm 2019 - 2023
NEU - Äáº¡i há»c Kinh táº¿ Quá»‘c dÃ¢n
Marketing
ThÃ¡ng 8 nÄƒm 2019 - Hiá»‡n táº¡i
THPT Ngá»c Láº·c
TrÆ°á»ng trung há»c
Tá»‘t nghiá»‡p nÄƒm 2019"
359,"Cao há»c Äáº¡i há»c CÃ´ng ÄoÃ n
Cao Ä‘áº³ng/Äáº¡i há»c
Tá»‘t nghiá»‡p nÄƒm 2016
Trade Union University
Cao Ä‘áº³ng/Äáº¡i há»c
Tá»‘t nghiá»‡p nÄƒm 2013
QT17E
Secretary QT17E - Faculty of Business Administration
Viet Duc High School
TrÆ°á»ng trung há»c
Tá»‘t nghiá»‡p nÄƒm 2006
12T6
Head teacher: Mrs HÆ°Æ¡ng"
363,"TrÆ°á»ng THPT YÃªn Äá»‹nh 2
TrÆ°á»ng trung há»c"
365,"UNETI
Cao Ä‘áº³ng/Äáº¡i há»c
TrÆ°á»ng THPT HÃ  Báº¯c
TrÆ°á»ng trung há»c"
366,"Deakin University
Cao Ä‘áº³ng/Äáº¡i há»c
Tá»« 22 thÃ¡ng 8, 2023 Ä‘áº¿n nay
TrÆ°á»ng Äáº¡i Há»c Quá»‘c Táº¿ - Äáº¡i há»c Quá»‘c gia TP. HCM
CÃ´ng Nghá»‡ ThÃ´ng Tin
2023 - Hiá»‡n táº¡i
Truong THPT Le Thanh Ton, Q7
TrÆ°á»ng trung há»c"
367,"Äáº¡i há»c BÃ¡ch khoa HÃ  Ná»™i - Hanoi University of Science and Technology
KyÌƒ thuáº­t hÃ³a há»c
Tá»‘t nghiá»‡p nÄƒm 2019
THPT Phá»¥ Dá»±c - ThÃ¡i BÃ¬nh
TrÆ°á»ng trung há»c
Tá»‘t nghiá»‡p nÄƒm 2014"
368,"THPT HÃ m Rá»“ng
TrÆ°á»ng trung há»c
Há»c ngu nháº¥t lá»›p =)"
369,"Há»c viá»‡n Ngoáº¡i giao Viá»‡t Nam
Cao Ä‘áº³ng/Äáº¡i há»c
22 thÃ¡ng 8, 2023 - Hiá»‡n táº¡i
TrÆ°á»ng THCS Cáº§u Giáº¥y - Cau Giay Junior High School
TrÆ°á»ng trung há»c"
370,"VÅ B TU Ostrava
Cao Ä‘áº³ng/Äáº¡i há»c
TrÆ°á»ng THPT LÃª Viáº¿t Thuáº­t - TP Vinh - Nghá»‡ An
TrÆ°á»ng trung há»c"
372,"Äáº¡i há»c khoa há»c xÃ£ há»™i vÃ  nhÃ¢n vÄƒn
Cao Ä‘áº³ng/Äáº¡i há»c
K52 Linguistic
USSH
Cao Ä‘áº³ng/Äáº¡i há»c"
374,"TrÆ°á»ng Äáº¡i há»c Kinh táº¿ - Äáº¡i há»c Quá»‘c gia HÃ  Ná»™i
Cao Ä‘áº³ng/Äáº¡i há»c
Tá»« 29 thÃ¡ng 9, 2021 Ä‘áº¿n nay"
376,"Há»c viá»‡n NgÃ¢n hÃ ng
Cao Ä‘áº³ng/Äáº¡i há»c
ThÃ¡ng 9 nÄƒm 2022 - Hiá»‡n táº¡i"
378,"THPT Quan Lan
TrÆ°á»ng trung há»c
Tá»‘t nghiá»‡p nÄƒm 2012"
379,"TrÆ°á»ng Äáº¡i há»c ThÆ°Æ¡ng máº¡i
Cao Ä‘áº³ng/Äáº¡i há»c
NEU - Äáº¡i há»c Kinh táº¿ Quá»‘c dÃ¢n
Cao Ä‘áº³ng/Äáº¡i há»c
TrÆ°á»ng Cao Ä‘áº³ng Du lá»‹ch HÃ  Ná»™i
Cao Ä‘áº³ng/Äáº¡i há»c
THPT Nguyá»…n TrÃ£i - Ba ÄÃ¬nh
TrÆ°á»ng trung há»c
Báº¯t Ä‘áº§u há»c
THCS LÃ¡ng ThÆ°á»£ng
TrÆ°á»ng trung há»c"
380,"TrÆ°á»ng SÆ° pháº¡m - TrÆ°á»ng Äáº¡i há»c Vinh
Cao Ä‘áº³ng/Äáº¡i há»c
TrÆ°á»ng THPT ChuyÃªn - Äáº¡i há»c Vinh
TrÆ°á»ng trung há»c
Tá»‘t nghiá»‡p nÄƒm 2017"
382,"Lagos State Poly
TrÆ°á»ng trung há»c"
385,"Dedan Kimathi University of Technology Main Campus, Nyeri
Cao Ä‘áº³ng/Äáº¡i há»c
2 thÃ¡ng 2, 2021 - Hiá»‡n táº¡i
RTS
Cao Ä‘áº³ng/Äáº¡i há»c
31 thÃ¡ng 8, 2013 - Hiá»‡n táº¡i
NGUMO BOYS' HIGH SCHOOL (NYAHURURU-MUHOTETU)
TrÆ°á»ng trung há»c
2 thÃ¡ng 2, 2021 - Hiá»‡n táº¡i"
387,"University of San Jose â€“ Recoletos
Cao Ä‘áº³ng/Äáº¡i há»c
National Open University Of Nigeria - NOUN
TrÆ°á»ng trung há»c"
390,"Kilungu boys
TrÆ°á»ng trung há»c
Tá»‘t nghiá»‡p nÄƒm 2012
Ilkisoko boys"
391,"University of the Western Cape (UWC)
Cao Ä‘áº³ng/Äáº¡i há»c"
392,"Kaizen Yoshida School - ÄÃ o táº¡o vÃ  há»c táº­p tiáº¿ng Nháº­t Ä‘á»ƒ...
Cao Ä‘áº³ng/Äáº¡i há»c"
396,"Abuja campus.uniport
TrÆ°á»ng trung há»c"
398,"Imt Enugu
Cao Ä‘áº³ng/Äáº¡i há»c"
400,"THPT Tá»‘ng VÄƒn TrÃ¢n - Ã YÃªn - Nam Äá»‹nh
TrÆ°á»ng trung há»c
10A9-11A9-12A9
THPT TONG VAN TRAN
TrÆ°á»ng trung há»c"
404,"UEH - TrÆ°á»ng Äáº¡i há»c Kinh táº¿ TP.HCM
Cao Ä‘áº³ng/Äáº¡i há»c
20 thÃ¡ng 9, 2021 - Hiá»‡n táº¡i
THPT VÅ©ng TÃ u
TrÆ°á»ng trung há»c"
406,"HÆ°á»›ng Nghiá»‡p Ã Ã‚u
Bartender's License
Bartender
Tá»‘t nghiá»‡p nÄƒm 2016
Bartender
HÆ°á»›ng Nghiá»‡p Ã Ã‚u
Barista Degree
Barista
Tá»‘t nghiá»‡p nÄƒm 2015
Barista
Ton Duc Thang University
Cao Ä‘áº³ng/Äáº¡i há»c
Tá»‘t nghiá»‡p nÄƒm 2015
THPT Há»“ng Äá»©c TP.BMT
TrÆ°á»ng trung há»c"
407,"TrÆ°á»ng THPT Viá»‡t Nam - Ba Lan
TrÆ°á»ng trung há»c"
408,"TrÆ°á»ng THPT LÃª ThÃ¡nh TÃ´n Q7 - ZIP
Cao Ä‘áº³ng/Äáº¡i há»c
2022 - Hiá»‡n táº¡i
TrÆ°á»ng Thcs Tráº§n Quá»‘c Tuáº¥n Quáº­n 7
Cao Ä‘áº³ng/Äáº¡i há»c"
409,"THPT Nguyá»…n ÄÃ¬nh Chiá»ƒu - Báº¿n Tre
TrÆ°á»ng trung há»c"
410,"TrÆ°á»ng THPT Nguyá»…n Du Báº¯c Ninh
TrÆ°á»ng trung há»c
Tá»‘t nghiá»‡p nÄƒm 2016"
413,"THPT ChuyÃªn SÆ° Pháº¡m
TrÆ°á»ng trung há»c"
414,"Há»c viá»‡n Personal Trainer thá»±c chiáº¿n - VPTA
Cao Ä‘áº³ng/Äáº¡i há»c
Tá»« 5 thÃ¡ng 4, 2021 Ä‘áº¿n nay"
415,"DH KTQD
Cao Ä‘áº³ng/Äáº¡i há»c
Tá»‘t nghiá»‡p nÄƒm 2017
Quáº£n Trá»‹ Kinh Doanh 54.06"
417,"Äáº¡i há»c ÄÃ  Láº¡t
Cao Ä‘áº³ng/Äáº¡i há»c"
420,"THPT ChuyÃªn SÆ° Pháº¡m
TrÆ°á»ng trung há»c"
423,"Hanoi Law University
Cao Ä‘áº³ng/Äáº¡i há»c"
426,"Viá»‡n Äáº¡i Há»c Má»Ÿ HÃ  Ná»™i
Cao Ä‘áº³ng/Äáº¡i há»c
A3-K18"
427,"TrÆ°Æ¡Ì€ng ÄaÌ£i HoÌ£c CÃ´ng NghÃªÌ£ Giao ThÃ´ng VÃ¢Ì£n TaÌ‰i CÆ¡ SÆ¡Ì‰ ViÌƒnh PhuÌc
Cao Ä‘áº³ng/Äáº¡i há»c
Tá»‘t nghiá»‡p nÄƒm 2022
THPT Báº¯c DuyÃªn HÃ 
TrÆ°á»ng trung há»c"
429,"TrÆ°á»ng Cao Äáº³ng ká»· thuáº­t Viá»‡t Äá»©c - Vinh - Nghá»‡ An
CÃ”NG NGHá»† HÃ€N
Tá»‘t nghiá»‡p nÄƒm 2017
Vinh University
Cao Ä‘áº³ng/Äáº¡i há»c
TrÆ°á»ng THPT Quá»³nh LÆ°u 2
TrÆ°á»ng trung há»c
Tá»‘t nghiá»‡p nÄƒm 2014
THPT Quá»³nh LÆ°u 2 - Nghá»‡ An
TrÆ°á»ng trung há»c
THPT Quá»³nh LÆ°u 2, Quá»³nh LÆ°u, Nghá»‡ An
TrÆ°á»ng trung há»c"
431,"Tokyo Je Language School
Cao Ä‘áº³ng/Äáº¡i há»c
ÄoÃ n trÆ°á»ng THPT Tráº§n PhÃº - Viá»‡t TrÃ¬ - PhÃº Thá»
TrÆ°á»ng trung há»c"
434,"Äáº¡i há»c LÃ¢m Nghiá»‡p
Cao Ä‘áº³ng/Äáº¡i há»c
THPT XuÃ¢n Mai ChÆ°Æ¡ng Má»¹ HÃ  Ná»™i
TrÆ°á»ng trung há»c"
437,"Khoa TuyÃªn truyá»n - Há»c viá»‡n BÃ¡o chÃ­ vÃ  TuyÃªn truyá»n
Quáº£n lÃ½ vÄƒn hÃ³a_tÆ° tÆ°á»Ÿng
Tá»‘t nghiá»‡p nÄƒm 2014
THPT PhÃº BÃ¬nh - ThÃ¡i NguyÃªn
TrÆ°á»ng trung há»c
Tá»‘t nghiá»‡p nÄƒm 2011
12a11 - K46 - 2007-2010
THPT BÃ¬nh PhÃº
TrÆ°á»ng trung há»c
Tá»‘t nghiá»‡p nÄƒm 2010
12A11"
438,"ê°•ë¦‰ì›ì£¼ëŒ€í•™êµ
Cao Ä‘áº³ng/Äáº¡i há»c
ê°•ë¦‰ì›ì£¼ëŒ€í•™êµ (Gangneung-Wonju National University)
Cao Ä‘áº³ng/Äáº¡i há»c"
439,"University of Cassino and Southern Lazio
Cao Ä‘áº³ng/Äáº¡i há»c
Tá»« 18 thÃ¡ng 5, 2022 Ä‘áº¿n nay"
441,"TrÆ°á»ng THPT Trung GiÃ£
TrÆ°á»ng trung há»c
Tá»‘t nghiá»‡p nÄƒm 2022"
442,"THPT Pháº¡m Há»“ng ThÃ¡i-HÆ°ng NguyÃªn-Nghá»‡ An
TrÆ°á»ng trung há»c"
443,"THPT XuÃ¢n TrÆ°á»ng B
TrÆ°á»ng trung há»c"
445,"University of Southern California
TrÆ°á»ng trung há»c"
446,"ISE- Viá»‡n ÄÃ o táº¡o quá»‘c táº¿
Cao Ä‘áº³ng/Äáº¡i há»c
Tá»« 18 thÃ¡ng 10, 2020 Ä‘áº¿n nay
TrÆ°á»ng THPT VÄ©nh Báº£o - Háº£i PhÃ²ng
TrÆ°á»ng trung há»c"
447,"Ho Chi Minh City Open University
Cao Ä‘áº³ng/Äáº¡i há»c
Tá»‘t nghiá»‡p nÄƒm 2014
THPT Nguyá»…n TrÃ£i , BiÃªn HÃ²a, Äá»“ng Nai
TrÆ°á»ng trung há»c
Tá»‘t nghiá»‡p nÄƒm 2009"
455,"Äáº I Há»ŒC BÃCH KHOA ÄÃ€ Náº´NG
Cao Ä‘áº³ng/Äáº¡i há»c
Tá»‘t nghiá»‡p nÄƒm 2016
10QLMT
dai hoc bach khoa da nang
Quáº£n lÃ½ mÃ´i trÆ°á»ng
5 thÃ¡ng 9, 2010 - Hiá»‡n táº¡i
10QLMT
nghi loc 4
TrÆ°á»ng trung há»c
Tá»‘t nghiá»‡p nÄƒm 2010
THPT Nghi Lá»™c 4
TrÆ°á»ng trung há»c
Tá»‘t nghiá»‡p nÄƒm 2010"
458,"National Academy of Public Administration
Quáº£n lÃ½ NhÃ  nÆ°á»›c
trung hoc pho thong so 1 Duc Pho
TrÆ°á»ng trung há»c
Tá»‘t nghiá»‡p nÄƒm 2013"
462,"HIU - Äáº¡i há»c Quá»‘c táº¿ Há»“ng BÃ ng
ClinicalPharmacy
Tá»‘t nghiá»‡p nÄƒm 2020
THPT Thanh Da
TrÆ°á»ng trung há»c"
463,"Cao Ä‘áº³ng FPT Polytechnic
Public Relation (PR) - Quan há»‡ cÃ´ng chÃºng & Tá»• chá»©c sá»± kiá»‡n (Event)"
